rank,feature_date,target_date,store_id,item_id,dept_name,class_name,subclass_name,actual_demand,predicted_demand,signed_error,abs_error,price,price_change,lag_1,lag_7,lag_14,lag_28,rolling_mean_7,rolling_mean_14,rolling_mean_28,rolling_std_7,rolling_std_28,prior_28d_mean,prior_28d_median,prior_28d_max,prior_28d_std,prior_28d_zeros,post_7d_mean,post_7d_median,post_7d_max,post_7d_std,post_7d_zeros,hist_max_all_time,times_exceeded_100,times_exceeded_500,raw_sales_qty,raw_price_base,raw_sum_total,spike_vs_prior_mean,spike_vs_prior_max,classification,evidence
1,2024-09-13,2024-09-14,4,327c5bc1e583,nan,nan,nan,4952.0,34.77731704711914,-4917.22265625,4917.22265625,0.01,0.0,2645.0,4292.0,,,3113.5715,,,955.8228,,3063.083251953125,2672.0,4641.0,842.0764770507812,0,3232.142822265625,2794.0,4874.0,973.4420776367188,0,4952.0,25,25,4952.0,0.009999999776482582,44.529998779296875,1.6166716973306026,1.0670114199525964,Repeated on particular days / recurrent spikes,Occurred 25 times >= 500 units in history; 3 times on this weekday. | Potential data anomaly signals: Near-zero base price (0.01)
2,2024-09-20,2024-09-21,4,327c5bc1e583,nan,nan,nan,4874.0,33.65519332885742,-4840.3447265625,4840.3447265625,0.01,0.0,2794.0,4324.0,4292.0,,3247.0,3180.2856,,1000.19214,,3129.4736328125,2699.0,4952.0,878.4603881835938,0,2930.199951171875,2797.0,3761.0,670.4839477539062,0,4952.0,25,25,4874.0,0.009999999776482582,43.72999954223633,1.5574504123940072,0.9842487883683361,Repeated on particular days / recurrent spikes,Occurred 25 times >= 500 units in history; 3 times on this weekday. | Potential data anomaly signals: Near-zero base price (0.01)
3,2024-09-06,2024-09-07,4,327c5bc1e583,nan,nan,nan,4641.0,43.47352600097656,-4597.5263671875,4597.5263671875,0.01,0.0,2699.0,,,,,,,,,2986.0,2699.0,4292.0,740.1368408203125,0,3162.571533203125,2645.0,4952.0,1047.8551025390625,0,4952.0,25,25,4641.0,0.009999999776482582,40.79999923706055,1.5542531815137308,1.081314072693383,Repeated on particular days / recurrent spikes,Occurred 25 times >= 500 units in history; 3 times on this weekday. | Potential data anomaly signals: Near-zero base price (0.01)
4,2024-09-12,2024-09-13,4,327c5bc1e583,nan,nan,nan,4324.0,33.258811950683594,-4290.7412109375,4290.7412109375,0.01,0.0,2422.0,2699.0,,,3121.2856,,,951.61945,,2948.45458984375,2645.0,4641.0,778.81787109375,0,3243.28564453125,2794.0,4952.0,995.5635986328125,0,4952.0,25,25,4324.0,0.009999999776482582,37.88999938964844,1.4665309802953912,0.931695755225167,Repeated on particular days / recurrent spikes,Occurred 25 times >= 500 units in history; 3 times on this weekday. | Potential data anomaly signals: Near-zero base price (0.01)
5,2024-09-19,2024-09-20,4,327c5bc1e583,nan,nan,nan,4298.0,30.326297760009766,-4267.673828125,4267.673828125,0.01,0.0,2621.0,2645.0,2699.0,,3225.7144,3173.5,,1012.94366,,3064.5556640625,2672.0,4952.0,855.7471313476562,0,3254.166748046875,3138.5,4874.0,994.66845703125,0,4952.0,25,25,4298.0,0.009999999776482582,38.5099983215332,1.402487169804707,0.8679321486268174,Repeated on particular days / recurrent spikes,Occurred 25 times >= 500 units in history; 3 times on this weekday. | Potential data anomaly signals: Near-zero base price (0.01)
6,2024-09-05,2024-09-06,4,327c5bc1e583,nan,nan,nan,4292.0,39.70404052734375,-4252.2958984375,4252.2958984375,0.01,0.0,2538.0,,,,,,,,,2659.5,2629.5,2841.0,140.43385314941406,0,3118.142822265625,2645.0,4641.0,962.4518432617188,0,4952.0,25,25,4292.0,0.009999999776482582,37.959999084472656,1.6138371874412483,1.5107356564589933,Repeated on particular days / recurrent spikes,Occurred 25 times >= 500 units in history; 3 times on this weekday. | Potential data anomaly signals: Near-zero base price (0.01)
7,2024-09-24,2024-09-25,4,327c5bc1e583,nan,nan,nan,3761.0,30.639785766601562,-3730.360107421875,3730.360107421875,0.01,0.0,2377.0,2558.0,2453.0,,3286.0,3234.1428,,968.1665,,3149.0,2699.0,4952.0,914.8385620117188,0,2797.0,2797.0,2797.0,0.0,0,4952.0,25,25,3761.0,0.009999999776482582,32.13999938964844,1.1943474118767863,0.7594911147011308,Repeated on particular days / recurrent spikes,Occurred 25 times >= 500 units in history; 4 times on this weekday. | Potential data anomaly signals: Near-zero base price (0.01)
8,2024-09-21,2024-09-22,4,327c5bc1e583,nan,nan,nan,3480.0,32.97272872924805,-3447.02734375,3447.02734375,0.01,0.0,4298.0,4952.0,4641.0,,3243.2856,3180.7144,,995.5636,,3216.699951171875,2746.5,4952.0,939.8115844726562,0,2792.75,2587.0,3761.0,688.0757446289062,0,4952.0,25,25,3480.0,0.009999999776482582,30.770000457763672,1.0818540904731266,0.7027463651050081,Repeated on particular days / recurrent spikes,Occurred 25 times >= 500 units in history; 3 times on this weekday. | Potential data anomaly signals: Near-zero base price (0.01)
9,2024-09-19,2024-09-20,1,327c5bc1e583,nan,nan,nan,3182.0,30.414064407348633,-3151.5859375,3151.5859375,0.01,0.0,1387.0,2216.0,2076.0,,2182.7144,2213.7856,,636.917,,2187.5,2146.0,3128.0,527.2671508789062,0,2120.5,2106.5,2646.0,376.1253662109375,0,3182.0,25,25,3182.0,0.009999999776482582,25.979999542236328,1.4546285714285714,1.0172634271099745,Repeated on particular days / recurrent spikes,Occurred 25 times >= 500 units in history; 3 times on this weekday. | Potential data anomaly signals: Near-zero base price (0.01)
10,2024-09-14,2024-09-15,4,327c5bc1e583,nan,nan,nan,3158.0,34.338233947753906,-3123.661865234375,3123.661865234375,0.01,0.0,4324.0,4641.0,,,3118.1428,,,962.4518,,3208.384521484375,2699.0,4952.0,961.4903564453125,0,3278.142822265625,2794.0,4874.0,976.9562377929688,0,4952.0,25,25,3158.0,0.009999999776482582,28.56999969482422,0.9842959841169336,0.6377221324717286,Repeated on particular days / recurrent spikes,Occurred 25 times >= 500 units in history; 3 times on this weekday. | Potential data anomaly signals: Near-zero base price (0.01)
11,2024-09-12,2024-09-13,1,327c5bc1e583,nan,nan,nan,3128.0,33.01206970214844,-3094.988037109375,3094.988037109375,0.01,0.0,1956.0,2076.0,,,2244.8572,,,562.845,,2169.272705078125,2076.0,3120.0,471.19976806640625,0,2223.857177734375,2251.0,3182.0,657.9603271484375,0,3182.0,25,25,3128.0,0.009999999776482582,25.719999313354492,1.441957939487072,1.0025641025641026,Repeated on particular days / recurrent spikes,Occurred 25 times >= 500 units in history; 3 times on this weekday. | Potential data anomaly signals: Near-zero base price (0.01)
12,2024-09-05,2024-09-06,1,327c5bc1e583,nan,nan,nan,3120.0,40.067359924316406,-3079.9326171875,3079.9326171875,0.01,0.0,1889.0,,,,,,,,,2002.0,1982.5,2300.0,240.92184448242188,0,2266.0,2216.0,3128.0,560.360595703125,0,3182.0,25,25,3120.0,0.009999999776482582,25.93000030517578,1.5584415584415585,1.3565217391304347,Repeated on particular days / recurrent spikes,Occurred 25 times >= 500 units in history; 3 times on this weekday. | Potential data anomaly signals: Near-zero base price (0.01)
13,2024-09-07,2024-09-08,4,327c5bc1e583,nan,nan,nan,3013.0,44.15819549560547,-2968.841796875,2968.841796875,0.01,0.0,4292.0,,,,,,,,,3261.833251953125,2770.0,4641.0,945.9102172851562,0,3183.28564453125,2645.0,4952.0,1045.8367919921875,0,4952.0,25,25,3013.0,0.009999999776482582,27.170000076293945,0.923713681009252,0.6492135315664728,Repeated on particular days / recurrent spikes,Occurred 25 times >= 500 units in history; 3 times on this weekday. | Potential data anomaly signals: Near-zero base price (0.01)
14,2024-09-06,2024-09-07,1,327c5bc1e583,nan,nan,nan,2916.0,43.83684539794922,-2872.1630859375,2872.1630859375,0.01,0.0,2076.0,,,,,,,,,2225.60009765625,2076.0,3120.0,541.7723999023438,0,2252.857177734375,2216.0,3128.0,543.3965454101562,0,3182.0,25,25,2916.0,0.009999999776482582,24.600000381469727,1.3102084256155457,0.9346153846153846,Repeated on particular days / recurrent spikes,Occurred 25 times >= 500 units in history; 3 times on this weekday. | Potential data anomaly signals: Near-zero base price (0.01)
15,2024-09-13,2024-09-14,1,327c5bc1e583,nan,nan,nan,2824.0,33.70206832885742,-2790.2978515625,2790.2978515625,0.01,0.0,2216.0,3120.0,,,2264.8572,,,558.31396,,2249.166748046875,2146.0,3128.0,527.6753540039062,0,2198.428466796875,2251.0,3182.0,633.9003295898438,0,3182.0,25,25,2824.0,0.009999999776482582,24.260000228881836,1.2555760938811216,0.9028132992327366,Repeated on particular days / recurrent spikes,Occurred 25 times >= 500 units in history; 3 times on this weekday. | Potential data anomaly signals: Near-zero base price (0.01)
16,2024-09-25,2024-09-26,4,327c5bc1e583,nan,nan,nan,2797.0,31.893169403076172,-2765.10693359375,2765.10693359375,0.01,0.0,2236.0,2621.0,2422.0,,3240.0,3218.6428,,1015.03546,,3174.5,2746.5,4952.0,903.40869140625,0,0.0,0.0,0.0,0.0,0,4952.0,25,25,2797.0,0.009999999776482582,24.440000534057617,0.8810836352181446,0.5648222940226171,Repeated on particular days / recurrent spikes,Occurred 25 times >= 500 units in history; 4 times on this weekday. | Potential data anomaly signals: Near-zero base price (0.01)
17,2024-09-18,2024-09-19,4,327c5bc1e583,nan,nan,nan,2794.0,32.381290435791016,-2761.61865234375,2761.61865234375,0.01,0.0,2558.0,2422.0,2538.0,,3197.2856,3167.5715,,1035.2898,,3080.470703125,2645.0,4952.0,879.3338623046875,0,3403.28564453125,3480.0,4874.0,990.013427734375,0,4952.0,25,25,2794.0,0.009999999776482582,24.59000015258789,0.9070042435935559,0.56421647819063,Repeated on particular days / recurrent spikes,Occurred 25 times >= 500 units in history; 4 times on this weekday. | Potential data anomaly signals: Near-zero base price (0.01)
18,2024-09-04,2024-09-05,4,327c5bc1e583,nan,nan,nan,2699.0,38.565670013427734,-2660.434326171875,2660.434326171875,0.01,0.0,2560.0,,,,,,,,,2646.333251953125,2560.0,2841.0,168.94476318359375,0,3113.571533203125,2645.0,4641.0,955.8228759765625,0,4952.0,25,25,2699.0,0.009999999776482582,23.709999084472656,1.0199017822143164,0.9500175994368181,Repeated on particular days / recurrent spikes,Occurred 25 times >= 500 units in history; 4 times on this weekday. | Potential data anomaly signals: Near-zero base price (0.01)
19,2024-09-20,2024-09-21,1,327c5bc1e583,nan,nan,nan,2646.0,30.460742950439453,-2615.539306640625,2615.539306640625,0.01,0.0,2450.0,3128.0,3120.0,,2216.1428,2240.5,,645.04407,,2239.842041015625,2216.0,3182.0,560.9097900390625,0,2015.4000244140625,1970.0,2404.0,306.58245849609375,0,3182.0,25,25,2646.0,0.009999999776482582,21.649999618530273,1.1813333045575876,0.8315524827152734,Repeated on particular days / recurrent spikes,Occurred 25 times >= 500 units in history; 3 times on this weekday. | Potential data anomaly signals: Near-zero base price (0.01)
20,2024-09-11,2024-09-12,4,327c5bc1e583,nan,nan,nan,2645.0,35.23615646362305,-2609.763916015625,2609.763916015625,0.01,0.0,2453.0,2538.0,,,3137.8572,,,938.3298,,2978.800048828125,2629.5,4641.0,814.0625,0,3247.0,2794.0,4952.0,1000.192138671875,0,4952.0,25,25,2645.0,0.009999999776482582,23.559999465942383,0.88794143837904,0.5699202758026287,Repeated on particular days / recurrent spikes,Occurred 25 times >= 500 units in history; 4 times on this weekday. | Potential data anomaly signals: Near-zero base price (0.01)
21,2024-09-17,2024-09-18,4,327c5bc1e583,nan,nan,nan,2621.0,36.535648345947266,-2584.46435546875,2584.46435546875,0.01,0.0,2322.0,2453.0,2560.0,,3182.2856,3167.7144,,1046.7927,,3109.1875,2672.0,4952.0,899.9014892578125,0,3402.857177734375,3480.0,4874.0,990.3201904296875,0,4952.0,25,25,2621.0,0.009999999776482582,22.719999313354492,0.8429855066637184,0.529281098546042,Repeated on particular days / recurrent spikes,Occurred 25 times >= 500 units in history; 4 times on this weekday. | Potential data anomaly signals: Near-zero base price (0.01)
22,2024-09-02,2024-09-03,4,327c5bc1e583,nan,nan,nan,2560.0,4.847801685333252,-2555.152099609375,2555.152099609375,0.01,,,,,,,,,,,2841.0,2841.0,2841.0,0.0,0,3137.857177734375,2699.0,4641.0,938.3297729492188,0,4952.0,25,25,2560.0,0.009999999776482582,21.959999084472656,0.9010911650827174,0.9010911650827174,Repeated on particular days / recurrent spikes,Occurred 25 times >= 500 units in history; 4 times on this weekday. | Potential data anomaly signals: Near-zero base price (0.01)
23,2024-09-16,2024-09-17,4,327c5bc1e583,nan,nan,nan,2558.0,28.068954467773438,-2529.93115234375,2529.93115234375,0.01,0.0,3158.0,2329.0,2841.0,,3183.2856,3204.7856,,1045.8368,,3145.933349609375,2699.0,4952.0,918.9776611328125,0,3240.0,2794.0,4874.0,1015.0354614257812,0,4952.0,25,25,2558.0,0.009999999776482582,22.3799991607666,0.8131132213330655,0.5165589660743134,Repeated on particular days / recurrent spikes,Occurred 25 times >= 500 units in history; 4 times on this weekday. | Potential data anomaly signals: Near-zero base price (0.01)
24,2024-09-03,2024-09-04,4,327c5bc1e583,nan,nan,nan,2538.0,36.247615814208984,-2501.75244140625,2501.75244140625,0.01,0.0,2841.0,,,,,,,,,2700.5,2700.5,2841.0,198.69700622558594,0,3121.28564453125,2699.0,4641.0,951.6194458007812,0,4952.0,25,25,2538.0,0.009999999776482582,22.020000457763672,0.9398259581558971,0.8933474128827877,Repeated on particular days / recurrent spikes,Occurred 25 times >= 500 units in history; 4 times on this weekday. | Potential data anomaly signals: Near-zero base price (0.01)
25,2024-09-09,2024-09-10,4,327c5bc1e583,nan,nan,nan,2453.0,29.471628189086914,-2423.5283203125,2423.5283203125,0.01,0.0,3013.0,2841.0,,,3226.2856,,,868.6007,,3114.125,2770.0,4641.0,864.48046875,0,3197.28564453125,2645.0,4952.0,1035.289794921875,0,4952.0,25,25,2453.0,0.009999999776482582,21.3799991607666,0.7877012001766146,0.528549881491058,Repeated on particular days / recurrent spikes,Occurred 25 times >= 500 units in history; 4 times on this weekday. | Potential data anomaly signals: Near-zero base price (0.01)
26,2024-09-18,2024-09-19,1,327c5bc1e583,nan,nan,nan,2450.0,33.565101623535156,-2416.434814453125,2416.434814453125,0.01,0.0,1522.0,1956.0,1889.0,,2264.0,2249.6428,,548.6295,,2172.058837890625,2076.0,3128.0,539.2831420898438,0,2272.142822265625,2243.0,3182.0,528.07275390625,0,3182.0,25,25,2450.0,0.009999999776482582,19.450000762939453,1.1279620778502,0.7832480818414322,Repeated on particular days / recurrent spikes,Occurred 25 times >= 500 units in history; 4 times on this weekday. | Potential data anomaly signals: Near-zero base price (0.01)
27,2024-09-10,2024-09-11,4,327c5bc1e583,nan,nan,nan,2422.0,33.09910583496094,-2388.90087890625,2388.90087890625,0.01,0.0,2329.0,2560.0,,,3153.1428,,,926.1057,,3040.666748046875,2699.0,4641.0,838.1382446289062,0,3225.71435546875,2645.0,4952.0,1012.9436645507812,0,4952.0,25,25,2422.0,0.009999999776482582,21.3700008392334,0.7965358260834516,0.521870286576169,Repeated on particular days / recurrent spikes,Occurred 25 times >= 500 units in history; 4 times on this weekday. | Potential data anomaly signals: Near-zero base price (0.01)
28,2024-09-25,2024-09-26,1,327c5bc1e583,nan,nan,nan,2404.0,33.07697677612305,-2370.923095703125,2370.923095703125,0.01,0.0,1970.0,1387.0,1956.0,,2220.5715,2242.2856,,608.7763,,2203.166748046875,2146.0,3182.0,527.3697509765625,0,0.0,0.0,0.0,0.0,0,3182.0,25,25,2404.0,0.009999999776482582,19.239999771118164,1.0911566281268386,0.7554996857322439,Repeated on particular days / recurrent spikes,Occurred 25 times >= 500 units in history; 4 times on this weekday. | Potential data anomaly signals: Near-zero base price (0.01)
29,2024-09-22,2024-09-23,4,327c5bc1e583,nan,nan,nan,2377.0,28.54949378967285,-2348.450439453125,2348.450439453125,0.01,0.0,4874.0,3158.0,3013.0,,3232.1428,3197.3572,,973.4421,,3229.238037109375,2794.0,4952.0,917.8152465820312,0,2931.333251953125,2797.0,3761.0,771.32373046875,0,4952.0,25,25,2377.0,0.009999999776482582,20.469999313354492,0.7360869569490613,0.4800080775444265,Repeated on particular days / recurrent spikes,Occurred 25 times >= 500 units in history; 4 times on this weekday. | Potential data anomaly signals: Near-zero base price (0.01)
30,2024-09-08,2024-09-09,4,327c5bc1e583,nan,nan,nan,2329.0,37.40715026855469,-2291.5927734375,2291.5927734375,0.01,0.0,4641.0,,,,,,,,,3226.28564453125,2841.0,4641.0,868.6007690429688,0,3182.28564453125,2645.0,4952.0,1046.7926025390625,0,4952.0,25,25,2329.0,0.009999999776482582,20.09000015258789,0.7218827644563327,0.5018315018315018,Repeated on particular days / recurrent spikes,Occurred 25 times >= 500 units in history; 4 times on this weekday. | Potential data anomaly signals: Near-zero base price (0.01)
